name,phone,email,address,postalZip,region
Maxwell Quinn,1-445-885-3246,nulla.tincidunt.neque@protonmail.couk,Ap #261-1484 Mauris Av.,527846,Kaliningrad Oblast
Erica Foreman,(214) 371-6448,ac.urna.ut@icloud.edu,Ap #931-9549 In Ave,337588,Upper Austria
Robert Howe,1-502-817-5070,scelerisque@protonmail.net,"P.O. Box 987, 828 In Avenue",3649,Stockholms län
Pandora Dennis,1-158-542-3983,morbi.non.sapien@hotmail.couk,128-555 Sit St.,24354,Flevoland
Piper Huff,(688) 511-5277,dis@icloud.org,"8710 Dolor, Street",45220-310,Mazowieckie
Stacy Riley,(666) 785-1223,mattis.ornare.lectus@icloud.edu,912-7976 Euismod Street,82264,California
Steven Lloyd,(713) 717-1444,sem.elit@outlook.net,Ap #302-5241 Curabitur Rd.,30412,Lipetsk Oblast
Liberty Bond,(633) 238-1153,sit.amet@protonmail.ca,902-1836 Non Road,466277,Punjab
Derek Sargent,(821) 527-6345,pharetra@hotmail.net,Ap #969-6766 Rutrum. Street,4284 QS,Tyrol
Cassady Robinson,1-929-319-9648,at.pretium@hotmail.com,"P.O. Box 733, 8609 Convallis Rd.",18500,Hatay
Hanae Norris,1-812-225-1520,turpis.egestas.aliquam@icloud.com,Ap #741-9064 A Road,4269-3568,South Island
Kerry Banks,1-525-421-5103,at.risus@protonmail.com,Ap #680-3841 Adipiscing Rd.,56-108,Free State
Melvin Horton,(455) 227-8057,sociis@icloud.org,909-1276 Dui. St.,50105,Aisén
Skyler Byers,1-741-708-1044,quis@aol.couk,Ap #880-9976 Morbi Road,38385,Tabasco
Herrod Mcgowan,1-429-839-5491,sodales@google.org,"966-145 Sed, Rd.",416489,Benue
Catherine Ochoa,(492) 827-5643,aliquet.proin@aol.org,Ap #115-6764 Vestibulum Road,44322,Luxemburg
Isaiah Kennedy,1-896-570-7915,pede.sagittis@hotmail.net,Ap #994-5317 Libero Rd.,262782,Western Australia
Mallory Rivera,1-423-943-3861,tempor.erat@google.net,817-4452 Malesuada Road,194134,Oslo
Emi Greer,(477) 386-0354,sociosqu.ad@protonmail.net,"P.O. Box 737, 258 Fusce Avenue",87426,Western Australia
Debra Bennett,(561) 847-7129,egestas.urna@aol.net,305-4324 Eget Street,P8 3WT,Champagne-Ardenne
Magee Torres,(212) 684-1699,odio.sagittis@yahoo.net,612-7419 Sit St.,1326,Anambra
Denton Moody,1-455-236-0816,velit.eget.laoreet@hotmail.com,"P.O. Box 416, 889 Vel Road",2302,Nord-Pas-de-Calais
Lamar Cote,1-111-819-8137,nisl.maecenas@google.couk,6532 Non Avenue,3442,Manitoba
Alan Mason,1-673-922-9708,gravida.sit@protonmail.edu,284-7398 Consectetuer Road,5442-4416,Santa Catarina
Julian Nielsen,(198) 242-3188,mollis.lectus.pede@google.couk,950-5806 Malesuada Road,WT6I 2FQ,O'Higgins
Lilah Cabrera,(383) 427-8681,dapibus.id@outlook.ca,Ap #832-1237 Tincidunt Street,712548,Västra Götalands län
Jaime Atkins,(744) 612-2215,posuere.at@hotmail.ca,Ap #737-2469 Vitae Street,49419,Alsace
Blythe Whitley,(513) 926-8308,cras@protonmail.couk,Ap #113-5357 Enim Avenue,10885,Vladimir Oblast
Carla Bush,1-823-316-4207,nunc@protonmail.com,Ap #681-7321 Ac Ave,0255,Illinois
Nita Floyd,1-662-291-8861,suspendisse@aol.edu,Ap #978-6556 Pellentesque Street,21146,Jalisco
Benjamin Dyer,(517) 781-4747,pede.ultrices@google.couk,Ap #547-8396 Lorem Road,813379,Pernambuco
Joseph Coleman,(111) 533-1481,risus.nulla.eget@protonmail.net,Ap #357-8748 Fermentum Road,65901,Bicol Region
Amery Parsons,1-183-385-1836,commodo.tincidunt@outlook.net,5833 Arcu. Ave,37122224,Limburg
Wyoming Hood,(686) 261-0239,ut@yahoo.ca,"P.O. Box 592, 601 Id St.",697250,Meghalaya
Berk Cross,1-351-523-2446,dolor.dolor@aol.org,Ap #783-4161 Massa Av.,647416,Balochistan
Ivory Burns,(388) 876-3519,malesuada.vel@yahoo.com,"Ap #357-3750 Vitae, Rd.",264268,Gävleborgs län
Unity Ochoa,1-967-464-5575,phasellus.dolor@protonmail.net,1445 Mi Rd.,9034,Drenthe
Jorden Landry,1-708-710-6476,erat@aol.edu,4474 Lobortis Ave,7066,Dadra and Nagar Haveli
Robert Pacheco,1-798-426-7619,nulla.cras.eu@google.com,"P.O. Box 672, 7394 Curabitur St.",3179,Noord Holland
Indigo Cameron,(574) 513-4591,maecenas@yahoo.ca,"635-6882 Montes, Ave",71116,Valparaíso
Moses Figueroa,(833) 275-7605,iaculis@hotmail.org,Ap #934-6418 Nisi Rd.,629358,Piura
Eugenia Henderson,1-531-831-4936,ridiculus.mus.proin@protonmail.edu,Ap #736-1455 Est Rd.,5543,Saskatchewan
Griffin Mcgowan,(929) 334-9280,posuere.cubilia.curae@outlook.net,"P.O. Box 448, 7386 Magnis Av.",11418,Imo
Hanna Lott,(978) 420-7484,nunc.sed@icloud.com,"P.O. Box 630, 6376 Blandit St.",611813,Principado de Asturias
Stone Talley,(886) 811-7563,libero.lacus@outlook.ca,869-9594 Rutrum. Road,8263-2254,Östergötlands län
Gil Roach,1-212-129-8679,est.ac@yahoo.org,"P.O. Box 823, 8907 Elit Rd.",84588-12722,Swiętokrzyskie
Abra Hopper,1-104-511-7427,arcu.aliquam@aol.org,"2078 Vitae, Av.",2081,Rivne oblast
Charity Torres,1-793-731-2213,ornare.placerat.orci@aol.com,682-1069 Phasellus Av.,3175,Utah
Talon Barnes,(358) 315-3861,dictum.sapien@outlook.net,291-895 Fringilla St.,5216,Bolívar
Raphael Long,1-286-651-0450,arcu@icloud.org,"P.O. Box 138, 9016 Ac Rd.",847463,North Island
